Notes:
"When exporting your connection data, you may notice that some of the email addresses are missing. You will only see email addresses for connections who have allowed their connections to see or download their email address using this setting https://www.linkedin.com/psettings/privacy/email. You can learn more here https://www.linkedin.com/help/linkedin/answer/261"

First Name,Last Name,Email Address,Company,Position,Connected On
Micro Media,Films,,Micro Media Films,Owner,16 Sep 2021
JENIFER,T,,TechLife Global,.NET Developer,16 Sep 2021
Bhattacharya,Shreya,,The Sparks Foundation,Human Resources Executive,16 Sep 2021
Iswariya,T,,,,16 Sep 2021
PRIYAA  ,LAKSHMI A S,,,,16 Sep 2021
Yuvasri,Matathammal,,Geno Consulting Services Pvt Ltd.,Senior Human Resources Recruiter,06 Jul 2021
Eagle Eye,IT Solutions,,,,30 Jun 2021
Yuvashree,M,,,,30 Jun 2021
Franklin,Solomon,,,,24 Jun 2021
Jeniffer,R,,,,24 Jun 2021
karthikeyan,raman,,Tata Consultancy Services,PLM Configuration Management,24 Jun 2021
Nicholas,Arockiaraj,,,,24 Jun 2021
Jeevan,Prasath,,Unschool ,unschool community champ,24 Jun 2021
Shabana,S,,The Sparks Foundation,Data Science and Business Analytics Intern,23 Jun 2021
Sethuraman,Periannan,,,,20 Jun 2021
Rajkumar,Kannan,,"Bishop Heber College, Tiruchirappalli - 620 017.",Dean - Deanery International Relations,20 Jun 2021
Aditya,Vijay Vargiya,,Internshala,Data Science Training,20 Jun 2021
Badrinath,Madhivanan,,Goeduhub Technologies,Data Science and Machine Learning Trainee,20 Jun 2021
Srinidhi,S,,Violet Tech,Marketing Intern,20 Jun 2021
Arzoo,Sah,,,,20 Jun 2021
SABARINATH,PALANI,,Adsdunia Private Limited,flutter ui developer,11 Jun 2021
ANUB ,DANIEL,,,,11 Jun 2021
vezhaventhan,n,,nil,Data Scientist,11 Jun 2021
Sharvesh,Waran,,Bishop Heber College,Student,10 Jun 2021
Rohan,R,,"Bishop Heber College, Tiruchirappalli - 620 017.",Postgraduate Student,09 Jun 2021
Arunkumar,A,,,,09 Jun 2021
Ragez,Prashant,,ETIQU,Business Professional,09 Jun 2021
KARAN,R,,,,09 Jun 2021
Albin,S,,,,08 Jun 2021
Karthik,V A,,,,08 Jun 2021
SIVARAJ,D,,,,08 Jun 2021
Ram,Prakash,,HCL Technologies,Customer Service Executive,08 Jun 2021
Frastlin,J,,,,08 Jun 2021
rene,irakoze ,,The Sparks Foundation,Data Science and business analytics intern,08 Jun 2021
Nirmal,kumar.G,,,,08 Jun 2021
Selvan,Kumar,,The Sparks Foundation,Data Science Intern,08 Jun 2021
Shabana ,S,,,,08 Jun 2021
SANDHYA,S,,LetsGrowMore,Data Science ,07 Jun 2021
Keerthana,S,,,,06 Jun 2021
Howsik,T,,Digiit Business Services,Graphic Web Designer,06 Jun 2021
Viveka,Balaji,,The Sparks Foundation,Data science and business analytics intern,06 Jun 2021
Mohamed,Sahim,,The Sparks Foundation,Data Science and Business Analytics,05 Jun 2021
Jayasurya,V,,Actify Data Labs,Data Analyst,05 Jun 2021
Vissweswaran,C,,The Sparks Foundation,Data Science and Business Analystics Intern,05 Jun 2021
Maheshvaran,S,,,,05 Jun 2021
Pranietha,V C,,Cognizant,Programmer traniee,05 Jun 2021
Bharathwin,MA,,The Sparks Foundation,Data Science and Business Analytics - Internship,05 Jun 2021
VIVIYAN,RICHARDS,,,,05 Jun 2021
Hariharasudhan,D,,,,05 Jun 2021
Hari,Prasanna,,"Bishop Heber College, Tiruchirappalli - 620 017.",Postgraduate Student,05 Jun 2021
Janani,Selvaraj PhD,,"Bishop Heber College, Tiruchirappalli - 620 017.",Guest Lecturer,05 Jun 2021
pavithra,pandiyan,,Nint,Trainee,05 Jun 2021
Rithic,Arputharaj U,,The Sparks Foundation,Data Science and Business analytics intern,02 Jun 2021
LALITH,AKASH,,,,02 Jun 2021
Deepak,R,,The Sparks Foundation, Data Science and Business Analystics Intern ,02 Jun 2021
Reshma,R S,,The Sparks Foundation,Data Science and Business Analytics Intern,24 May 2021
Ravinathan,R,,KPMG India,Data Analytics consulting virtual internship,13 May 2021